{
    "tasic": {
        "embedor": {
            "z_scores_mean": 1.109948754310608,
            "z_scores_std": 0.7825729846954346
        },
        "embedor_euc": {
            "z_scores_mean": 1.107171893119812,
            "z_scores_std": 0.7754899859428406
        },
        "umap": {
            "z_scores_mean": 0.09314671158790588,
            "z_scores_std": 0.07903102785348892
        },
        "umap_orcmanl": {
            "z_scores_mean": 18.849409103393555,
            "z_scores_std": 10.183335304260254
        },
        "tsne": {
            "z_scores_mean": 0.20177999138832092,
            "z_scores_std": 0.1836395412683487
        },
        "tsne_orcmanl": {
            "z_scores_mean": 10.942994117736816,
            "z_scores_std": 5.207697868347168
        },
        "phate": {
            "z_scores_mean": 0.00029390462601282035,
            "z_scores_std": 0.00030589669415945317
        },
        "iso": {
            "z_scores_mean": 9.349988207071886,
            "z_scores_std": 7.1954505987387956
        }
    }
}