{
    "dataset": {
        "embedor": {
            "z_scores_mean": -0.13403122364930914,
            "z_scores_std": 0.21858959921268017
        },
        "embedor_euc": {
            "z_scores_mean": -0.5563052344342545,
            "z_scores_std": 0.5916500617384536
        },
        "umap": {
            "z_scores_mean": -0.5126953432627933,
            "z_scores_std": 0.20097083317857597
        },
        "umap_orcmanl": {
            "z_scores_mean": -0.19254109699604974,
            "z_scores_std": 0.3928251700643195
        },
        "tsne": {
            "z_scores_mean": -0.9700717033538675,
            "z_scores_std": 0.3527151823969499
        },
        "tsne_orcmanl": {
            "z_scores_mean": -0.6169123776854961,
            "z_scores_std": 0.32015655029610557
        },
        "phate": {
            "z_scores_mean": -0.5175231753523704,
            "z_scores_std": 0.23310748042152662
        },
        "iso": {
            "z_scores_mean": -0.8234012586246495,
            "z_scores_std": 0.33710072253170303
        }
    }
}